"CpG","p_value","p_adj","effect_size","direction"
"cg25090994",1.28920076236877e-14,6.25922440539187e-09,0.0535506669825058,"RA labiau metilinta"
"cg17858911",1.21983000935116e-13,1.97414035833367e-08,-0.0846309009441249,"Kontrolė labiau metilinta"
"cg01135538",8.47103617829324e-14,1.97414035833367e-08,0.0194317321770451,"RA labiau metilinta"
"cg16167565",2.74237072879715e-13,3.32863474319941e-08,0.271863732191149,"RA labiau metilinta"
"cg20782215",5.59021961185163e-13,5.42823740837862e-08,0.0272222429875224,"RA labiau metilinta"
"cg05023192",1.35995416965793e-12,1.10045678136494e-07,0.208799726311315,"RA labiau metilinta"
"cg13913990",2.01462324485927e-12,1.39731965836873e-07,0.224790927163197,"RA labiau metilinta"
"cg14942424",6.10589240266716e-12,3.70560504025467e-07,0.0308249568894796,"RA labiau metilinta"
"cg22716151",1.10147692545497e-11,5.94200294479437e-07,0.041112484232028,"RA labiau metilinta"
"cg25372449",2.54887877508502e-11,1.23751123184908e-06,-0.19023864860826,"Kontrolė labiau metilinta"
"cg18052547",3.24072536990274e-11,1.33034618385627e-06,-0.197093085774351,"Kontrolė labiau metilinta"
"cg24864576",3.28810703057293e-11,1.33034618385627e-06,-0.0338982232339476,"Kontrolė labiau metilinta"
"cg11675904",3.7462054909092e-11,1.39909824638639e-06,0.02668945905314,"RA labiau metilinta"
"cg14317712",6.5181656083322e-11,1.97790476302036e-06,0.0353028359499933,"RA labiau metilinta"
"cg23342323",6.15558657932249e-11,1.97790476302036e-06,0.032493135622278,"RA labiau metilinta"
"cg01341218",5.89667249875192e-11,1.97790476302036e-06,-0.00312135552441931,"Kontrolė labiau metilinta"
"cg04688450",8.54604297820397e-11,2.44070965790221e-06,-0.195232519486818,"Kontrolė labiau metilinta"
"cg15295732",9.24032619411293e-11,2.46383629527634e-06,0.054389303866227,"RA labiau metilinta"
"cg24983120",9.64196345512582e-11,2.46383629527634e-06,-0.0440570709288658,"Kontrolė labiau metilinta"
"cg05852568",1.68199798862297e-10,4.0271589732251e-06,-0.0985431914477025,"Kontrolė labiau metilinta"
