"CpG","p_value","p_adj","effect_size","direction"
"cg16167565",2.74237072879715e-13,3.32863474319941e-08,0.271863732191149,"RA labiau metilinta"
"cg05023192",1.35995416965793e-12,1.10045678136494e-07,0.208799726311315,"RA labiau metilinta"
"cg13913990",2.01462324485927e-12,1.39731965836873e-07,0.224790927163197,"RA labiau metilinta"
"cg25372449",2.54887877508502e-11,1.23751123184908e-06,-0.19023864860826,"Kontrolė labiau metilinta"
"cg18052547",3.24072536990274e-11,1.33034618385627e-06,-0.197093085774351,"Kontrolė labiau metilinta"
"cg04688450",8.54604297820397e-11,2.44070965790221e-06,-0.195232519486818,"Kontrolė labiau metilinta"
